<config xmlns:xsi="http://www.w3.org/2001/XMLSchema-instance"
        xmlns="http://www.ehcache.org/v3"
        xsi:schemaLocation="http://www.ehcache.org/v3 http://www.ehcache.org/schema/ehcache-core-3.8.xsd">

    <cache alias="JWT_CACHE">
        <key-type>java.lang.String</key-type>
        <value-type>java.lang.String</value-type>
        <expiry>
            <ttl unit="seconds">6000</ttl>
        </expiry>
        <resources>
            <heap unit="entries">1000</heap>
        </resources>
    </cache>

</config>
